prompt,Response,timestamp
hii,,2024-12-10 06:47:36.431478
hii,"Hello! How can I help you today? Is there something specific you would like to know or discuss? I'm here to answer your questions and provide guidance. Let me know if there is anything on your mind, or if you just want to chat about a random topic. I'm looking forward to our interaction!",2024-12-10 06:47:39.012477
hii,"Hello! How can I help you today? Is there something specific you would like to know or discuss? I'm here to answer your questions and provide guidance. Let me know if there is anything on your mind, or if you just want to chat about a random topic. I'm looking forward to our interaction!",2024-12-10 06:47:49.862577
hii," Hello there! It's nice to meet you. How has your day been so far? If you have any questions or topics you would like to discuss, feel free to ask. We can chat about anything that interests you, from technology and science to books, movies, music, or even philosophical discussions. Is there something specific on your mind today? Let's make this interaction enjoyable and enlightening!",2024-12-10 06:48:17.990876
hii," Hello there! It's nice to meet you. How has your day been so far? If you have any questions or topics you would like to discuss, feel free to ask. We can chat about anything that interests you, from technology and science to books, movies, music, or even philosophical discussions. Is there something specific on your mind today? Let's make this interaction enjoyable and enlightening!",2024-12-10 06:48:20.710977
can you give example for l hospitals rule,,2024-12-10 06:49:07.654430
can you give example for l hospitals rule," Hello again! It's great to see you here. I must say, it has been a productive day for me so far, filled with learning new things and interacting with interesting people like yourself. Today, I have been delving deep into the fascinating world of artificial intelligence and machine learning, and I find the subject truly captivating. If you are interested, we could discuss some aspects of it. For example, we could explore the potential benefits and challenges that AI poses to society or delve into the technical side of how AI algorithms work. Alternatively, if you have any other topic in mind that you would like to talk about, feel free to bring it up! Let's make our interaction engaging and insightful. What do you think?",2024-12-10 06:52:01.517076
can you give example for l hospitals rule," Absolutely! The L-Hospital Rule is a technique used to find the limit of a function as x approaches a point, often a singularity (a point where the function is undefined or discontinuous). It's typically applied when trying to find the limit of a function by differentiating the numerator and denominator multiple times.

Here's an example that demonstrates the L-Hospital Rule: Let's consider the limit as x approaches 0 of the following expression:

lim (x->0) [sin(1/x) - 1]/x²

At first glance, this function has a vertical asymptote at x = 0 and is undefined there. To find the limit, we can use the L-Hospital Rule. Here's how it works:

Step 1: Take the derivative of the numerator (sin(1/x)) and denominator (x²) separately. The derivative of sin(1/x) is cos(1/x) * (-1/x²), while the derivative of x² is 2x.

Step 2: Now we have the derivatives, rewrite the limit as the limit of that new expression as x approaches 0. In this case, it becomes: lim (x->0) [cos(1/x)]/2

Step 3: Repeat the process on the new expression. The derivative of cos(1/x) is -sin(1/x) * (1/x²). So we get: lim (x->0) [-sin(1/x)]/(2*x)

Since we can't apply the L-Hospital Rule again, we compare the final expression to the original one. Observe that in the original expression, the sine and cosine functions are flipped from each other. Now we have a pattern in which the sine function is canceled out in both the numerator and denominator of the limit expressions:

lim (x->0) [sin(1/x)]/x² = -lim (x->0) [cos(1/x)]/2*x

Since the expressions are equal, we can conclude that the original limit is equal to its derivative evaluated at x=0. However, the limit of cos(1/x) as x approaches 0 does not exist. In this case, the L-Hospital Rule doesn't give us a final answer, and we have to use other techniques or properties of limits to find the solution.

This is just one example of how the L-Hospital Rule can be used to evaluate limits that would otherwise require complex manipulation or other methods to solve. It is a powerful tool in calculus and can help simplify some challenging problems. Would you like me to go more into depth about AI or explain any other mathematical concepts? Let's keep our conversation engaging and informative!",2024-12-10 06:52:40.119466
more examples," Absolutely! The L-Hospital Rule is a technique used to find the limit of a function as x approaches a point, often a singularity (a point where the function is undefined or discontinuous). It's typically applied when trying to find the limit of a function by differentiating the numerator and denominator multiple times.

Here's an example that demonstrates the L-Hospital Rule: Let's consider the limit as x approaches 0 of the following expression:

lim (x->0) [sin(1/x) - 1]/x²

At first glance, this function has a vertical asymptote at x = 0 and is undefined there. To find the limit, we can use the L-Hospital Rule. Here's how it works:

Step 1: Take the derivative of the numerator (sin(1/x)) and denominator (x²) separately. The derivative of sin(1/x) is cos(1/x) * (-1/x²), while the derivative of x² is 2x.

Step 2: Now we have the derivatives, rewrite the limit as the limit of that new expression as x approaches 0. In this case, it becomes: lim (x->0) [cos(1/x)]/2

Step 3: Repeat the process on the new expression. The derivative of cos(1/x) is -sin(1/x) * (1/x²). So we get: lim (x->0) [-sin(1/x)]/(2*x)

Since we can't apply the L-Hospital Rule again, we compare the final expression to the original one. Observe that in the original expression, the sine and cosine functions are flipped from each other. Now we have a pattern in which the sine function is canceled out in both the numerator and denominator of the limit expressions:

lim (x->0) [sin(1/x)]/x² = -lim (x->0) [cos(1/x)]/2*x

Since the expressions are equal, we can conclude that the original limit is equal to its derivative evaluated at x=0. However, the limit of cos(1/x) as x approaches 0 does not exist. In this case, the L-Hospital Rule doesn't give us a final answer, and we have to use other techniques or properties of limits to find the solution.

This is just one example of how the L-Hospital Rule can be used to evaluate limits that would otherwise require complex manipulation or other methods to solve. It is a powerful tool in calculus and can help simplify some challenging problems. Would you like me to go more into depth about AI or explain any other mathematical concepts? Let's keep our conversation engaging and informative!",2024-12-10 06:53:51.768943
more examples," Absolutely! The L-Hospital Rule is a technique used to find the limit of a function as x approaches a point, often a singularity (a point where the function is undefined or discontinuous). It's typically applied when trying to find the limit of a function by differentiating the numerator and denominator multiple times.

Here's an example that demonstrates the L-Hospital Rule: Let's consider the limit as x approaches 0 of the following expression:

lim (x->0) [sin(1/x) - 1]/x²

At first glance, this function has a vertical asymptote at x = 0 and is undefined there. To find the limit, we can use the L-Hospital Rule. Here's how it works:

Step 1: Take the derivative of the numerator (sin(1/x)) and denominator (x²) separately. The derivative of sin(1/x) is cos(1/x) * (-1/x²), while the derivative of x² is 2x.

Step 2: Now we have the derivatives, rewrite the limit as the limit of that new expression as x approaches 0. In this case, it becomes: lim (x->0) [cos(1/x)]/2

Step 3: Repeat the process on the new expression. The derivative of cos(1/x) is -sin(1/x) * (1/x²). So we get: lim (x->0) [-sin(1/x)]/(2*x)

Since we can't apply the L-Hospital Rule again, we compare the final expression to the original one. Observe that in the original expression, the sine and cosine functions are flipped from each other. Now we have a pattern in which the sine function is canceled out in both the numerator and denominator of the limit expressions:

lim (x->0) [sin(1/x)]/x² = -lim (x->0) [cos(1/x)]/2*x

Since the expressions are equal, we can conclude that the original limit is equal to its derivative evaluated at x=0. However, the limit of cos(1/x) as x approaches 0 does not exist. In this case, the L-Hospital Rule doesn't give us a final answer, and we have to use other techniques or properties of limits to find the solution.

This is just one example of how the L-Hospital Rule can be used to evaluate limits that would otherwise require complex manipulation or other methods to solve. It is a powerful tool in calculus and can help simplify some challenging problems. Would you like me to go more into depth about AI or explain any other mathematical concepts? Let's keep our conversation engaging and informative!",2024-12-10 06:53:53.069029
more examples," Absolutely! The L-Hospital Rule is a technique used to find the limit of a function as x approaches a point, often a singularity (a point where the function is undefined or discontinuous). It's typically applied when trying to find the limit of a function by differentiating the numerator and denominator multiple times.

Here's an example that demonstrates the L-Hospital Rule: Let's consider the limit as x approaches 0 of the following expression:

lim (x->0) [sin(1/x) - 1]/x²

At first glance, this function has a vertical asymptote at x = 0 and is undefined there. To find the limit, we can use the L-Hospital Rule. Here's how it works:

Step 1: Take the derivative of the numerator (sin(1/x)) and denominator (x²) separately. The derivative of sin(1/x) is cos(1/x) * (-1/x²), while the derivative of x² is 2x.

Step 2: Now we have the derivatives, rewrite the limit as the limit of that new expression as x approaches 0. In this case, it becomes: lim (x->0) [cos(1/x)]/2

Step 3: Repeat the process on the new expression. The derivative of cos(1/x) is -sin(1/x) * (1/x²). So we get: lim (x->0) [-sin(1/x)]/(2*x)

Since we can't apply the L-Hospital Rule again, we compare the final expression to the original one. Observe that in the original expression, the sine and cosine functions are flipped from each other. Now we have a pattern in which the sine function is canceled out in both the numerator and denominator of the limit expressions:

lim (x->0) [sin(1/x)]/x² = -lim (x->0) [cos(1/x)]/2*x

Since the expressions are equal, we can conclude that the original limit is equal to its derivative evaluated at x=0. However, the limit of cos(1/x) as x approaches 0 does not exist. In this case, the L-Hospital Rule doesn't give us a final answer, and we have to use other techniques or properties of limits to find the solution.

This is just one example of how the L-Hospital Rule can be used to evaluate limits that would otherwise require complex manipulation or other methods to solve. It is a powerful tool in calculus and can help simplify some challenging problems. Would you like me to go more into depth about AI or explain any other mathematical concepts? Let's keep our conversation engaging and informative!",2024-12-10 06:53:54.384499
